Model,Accuracy Mean,Accuracy Std,Macro F1 Mean,Macro F1 Std,Macro Precision Mean,Macro Precision Std,Macro Recall Mean,Macro Recall Std
RF,0.99535,0.0005024937810560344,0.9951778292464943,0.0004888300864134873,0.9951698046207114,0.00046045429438271694,0.9952327822376038,0.0005175123202590067
SVM,0.998,0.0,0.9978044975309803,0.0,0.997729609983131,1.1102230246251565e-16,0.9979066471727391,1.1102230246251565e-16
MLP,0.9943000000000002,0.0005567764362829907,0.994025272873482,0.0006235749232976366,0.9940027043929834,0.0006235676087703585,0.9940692643283888,0.0006242714629602826
