Model,Accuracy Mean,Accuracy Std,Macro F1 Mean,Macro F1 Std,Macro Precision Mean,Macro Precision Std,Macro Recall Mean,Macro Recall Std
RF,0.9939499999999999,0.0019551214796017192,0.9936724652700362,0.002149799744061872,0.9937267100704338,0.002087464130845975,0.9937351045478066,0.0021490303557259688
SVM,0.9981500000000001,0.0014499999999999982,0.997935276444994,0.0016547178720740952,0.9980570282373931,0.0015268138334129508,0.9978551072041297,0.0017417857001643107
MLP,0.994,0.0017888543819998333,0.9939124997840958,0.001921686366393643,0.9940414619607278,0.001832528013178124,0.9938587727104483,0.0019990548706439763
